QuestionID,QuestionText,A,B,C,D,CorrectAnswer,Explanation,Domain/Topic
1,Which of the following is a key benefit of cloud computing on AWS?,"Pay-as-you-go pricing eliminates the need for large upfront investments","Customers have full control over the physical data center infrastructure","Long procurement cycles are required to obtain new resources","On-premises infrastructure costs increase due to AWS usage","Pay-as-you-go pricing eliminates the need for large upfront investments","One of the primary benefits of AWS Cloud is the pay-as-you-go model, which means you don't need to invest heavily upfront in hardware. Instead, you pay only for the compute, storage, and other resources you actually use. This contrasts with traditional IT where you often face long procurement processes and significant capital expenditures. AWS manages the underlying data center infrastructure, so customers do not control the physical hardware directly.","Cloud Concepts"
2,A startup expects its web application traffic to fluctuate unpredictably. Which benefit of AWS Cloud does this scenario best illustrate?,"High elasticity, allowing automatic scaling of resources up or down","Strict capital expenditure, locking in fixed resource capacity","Unrestricted physical access to AWS data centers for quick upgrades","Global reach, deploying applications in multiple AWS regions simultaneously","High elasticity, allowing automatic scaling of resources up or down","Elasticity is the AWS Cloud's ability to automatically add or remove computing resources based on demand. In this scenario, AWS can rapidly scale the web application's resources up during traffic spikes and scale down when demand decreases. This ensures the application remains responsive without over-provisioning resources. Traditional fixed infrastructure lacks this flexibility, leading to either insufficient capacity or wasted idle resources.","Cloud Concepts"
3,Which advantage of AWS's global infrastructure helps reduce latency for end users worldwide?,"Ability to deploy applications across multiple AWS Regions","Requirement to maintain a single on-premises data center","Use of reserved hardware in a single Availability Zone","Outsourcing all IT operations to third-party data centers","Ability to deploy applications across multiple AWS Regions","AWS has multiple Regions across the globe, each containing multiple Availability Zones. By deploying applications in AWS Regions closer to end users, companies can significantly reduce network latency and improve performance. This global reach and presence is a key benefit of AWS, enabling applications to serve users from the nearest geographic location. In contrast, relying on a single on-premises data center can result in higher latency for distant users.","Cloud Concepts"
4,Why can AWS offer cost advantages compared to a traditional on-premises data center?,"AWS achieves economies of scale by serving many customers, reducing per-unit costs","AWS charges higher rates to offset the cost of global infrastructure","AWS requires customers to purchase more hardware than needed","AWS offers fixed pricing regardless of usage patterns","AWS achieves economies of scale by serving many customers, reducing per-unit costs","AWS can aggregate demand from a vast number of customers and operate at a massive scale. This scale allows AWS to achieve lower per-unit costs for power, hardware, and operations, savings which can be passed on to customers. This concept is known as economies of scale. Therefore, customers often find AWS more cost-effective than maintaining their own smaller-scale infrastructure, especially as AWS continuously optimizes and reduces prices over time.","Cloud Concepts"
5,Which statement best describes the financial model of AWS Cloud compared to traditional IT?,"AWS Cloud shifts IT spending from capital expenditure (CapEx) to operational expenditure (OpEx)","AWS Cloud requires significant upfront capital investment in hardware","Traditional IT is entirely OpEx while AWS is mostly CapEx","Using AWS Cloud eliminates all operational expenses","AWS Cloud shifts IT spending from capital expenditure (CapEx) to operational expenditure (OpEx)","AWS Cloud utilizes a pay-as-you-go model, which is an operational expenditure (OpEx) approach. Customers pay for resources as they consume them, avoiding large upfront capital expenditures (CapEx) on hardware and data centers. In traditional IT, companies often need to invest in equipment and infrastructure up front (CapEx) and then depreciate those costs over time. By shifting to AWS, businesses reduce CapEx and have more predictable, scalable OpEx based on usage.","Cloud Concepts"
6,Which of the following is one of the pillars of the AWS Well-Architected Framework?,Reliability,Scalability,Multitenancy,"Data Center Operations",Reliability,"The AWS Well-Architected Framework comprises multiple pillars that guide cloud architecture best practices. Reliability is one of these pillars, focusing on designing systems that work consistently and recover quickly from failures. Other pillars include Operational Excellence, Security, Performance Efficiency, Cost Optimization, and Sustainability. Terms like scalability and multitenancy are important cloud concepts, but they are not named pillars of the Well-Architected Framework.","Cloud Concepts"
7,What is the primary purpose of the AWS Cloud Adoption Framework (AWS CAF)?,"To help organizations develop a comprehensive plan for migrating to the cloud","To provide a reference architecture for deploying a specific application","To serve as a pricing calculator for cloud infrastructure costs","To enforce security compliance automatically across all AWS services","To help organizations develop a comprehensive plan for migrating to the cloud","The AWS Cloud Adoption Framework (CAF) provides guidance for organizations on how to transition to the AWS Cloud. It outlines a set of perspectives (business, people, governance, platform, security, and operations) to help plan and manage a cloud migration or adoption strategy. AWS CAF helps ensure that all aspects of an organization—technical, organizational, and process—are aligned for a successful cloud journey. It is not a pricing tool or an enforcement mechanism for security by itself.","Cloud Concepts"
8,Which AWS service can help transfer large amounts of data to AWS when a network transfer is impractical or too slow?,AWS Snowball,Amazon EC2,AWS Direct Connect,Amazon Aurora,AWS Snowball,"AWS Snowball is a petabyte-scale data transport solution that uses secure physical devices to transfer large amounts of data into and out of AWS. It is ideal when transferring data over the internet would be slow or impractical due to bandwidth limitations. AWS Direct Connect is a dedicated network connection but might still be time-prohibitive for extremely large data transfers. Amazon EC2 is a compute service and Amazon Aurora is a database; neither is used for data transport.","Cloud Concepts"
9,"In cloud financial management, what does the term 'right-sizing' refer to?","Adjusting resource types and sizes to match workload requirements and avoid overprovisioning","Purchasing the largest available instance types for maximum performance","Eliminating all operational expenses by moving to the cloud","Consolidating multiple cloud accounts into one account for billing","Adjusting resource types and sizes to match workload requirements and avoid overprovisioning","Right-sizing involves analyzing cloud resource utilization and adjusting the resource capacity (such as instance size or storage volume) to better match actual workload needs. By right-sizing, organizations can avoid paying for overprovisioned (idle or underutilized) resources and ensure they are not underpowered for their workloads. It is a cost optimization practice that helps leverage the pay-as-you-go nature of AWS effectively. It does not mean always choosing the largest resources, but rather the most appropriate size for the job.","Cloud Concepts"
10,"Which of the following is a benefit of using Infrastructure as Code (IaC) tools like AWS CloudFormation?","Consistent and repeatable provisioning of resources with reduced manual errors","Launching AWS services only through the AWS Management Console","Requiring physical hardware changes for resource updates","Manually configuring each server to ensure unique setups","Consistent and repeatable provisioning of resources with reduced manual errors","Infrastructure as Code (IaC) tools such as AWS CloudFormation allow you to define and provision your infrastructure using template files. This leads to consistent and repeatable deployments, since the same template can be used to create identical environments without human error. It also speeds up deployments and makes it easy to version-control infrastructure changes. Without IaC, manual configuration of resources can be error-prone and hard to reproduce exactly.","Cloud Concepts"
11,"Which of the following is an example of a managed AWS service that helps reduce a customer's operational maintenance tasks?","Amazon RDS, which handles database setup, patching, and backups","Amazon EC2, which requires customers to patch and maintain the OS","Hosting a database on an Amazon EC2 instance","Managing a Kubernetes cluster on self-managed EC2 instances","Amazon RDS, which handles database setup, patching, and backups","Amazon RDS (Relational Database Service) is a managed service for databases. AWS takes care of many administrative tasks for RDS, such as setting up the database environment, applying software patches, backing up data, and automating recovery. This reduces the operational burden on the customer compared to running a database on Amazon EC2 instances, where the customer is responsible for maintenance, patching, and backups. Managed services like RDS, DynamoDB, or AWS Lambda allow customers to focus more on application logic rather than infrastructure management.","Cloud Concepts"
12,"In the context of cloud computing, what does 'agility' refer to?","The ability to rapidly develop, test, and launch new applications in the cloud","The capability to physically access cloud servers quickly","The requirement of long-term contracts for cloud resources","The manual process of scaling hardware in a data center","The ability to rapidly develop, test, and launch new applications in the cloud","Agility in cloud computing means the speed and flexibility to innovate faster. Using AWS, developers and businesses can quickly set up and experiment with infrastructure and services, accelerating the development and deployment of new applications. This is possible because resources can be provisioned in minutes and scaled as needed without lengthy procurement or setup. Cloud agility helps organizations respond swiftly to changing business needs and market opportunities.","Cloud Concepts"
13,"Deploying an application across multiple Availability Zones within an AWS Region is primarily beneficial for achieving which objective?","High availability and fault tolerance","Lower data transfer costs between Regions","Improved application performance through code optimization","Reducing the need for a content delivery network","High availability and fault tolerance","Using multiple Availability Zones (AZs) provides high availability and fault tolerance for applications. If one AZ experiences an outage, the application can continue running from another AZ, minimizing downtime. AZs are isolated from each other to prevent failures from spreading, but they are connected with low-latency networks. While using multiple AZs may incur some data transfer cost between AZs, the primary reason to deploy multi-AZ is resilience, not cost reduction or application code performance improvements.","Cloud Concepts"
14,"Which statement correctly describes the relationship between AWS Regions and Availability Zones (AZs)?","Each AWS Region consists of multiple, isolated Availability Zones","Each Availability Zone contains multiple AWS Regions","Regions and Availability Zones are different terms for the same concept","An AWS Availability Zone spans multiple geographic Regions","Each AWS Region consists of multiple, isolated Availability Zones","AWS Regions are separate geographic areas where AWS operates cloud infrastructure. Each Region contains multiple Availability Zones (AZs). An Availability Zone is one or more discrete data centers with redundant power, networking, and connectivity in a Region. Using multiple AZs within a Region allows for high availability. AZs do not span Regions; they are specific to their Region.","Cloud Concepts"
15,"A company runs some of its workloads in AWS and some in its own on-premises data center, connected by a VPN. What type of cloud deployment is this?",Hybrid cloud,Public cloud,Private cloud,Community cloud,Hybrid cloud,"A hybrid cloud deployment combines on-premises infrastructure (or private cloud resources) with public cloud services like AWS. In this scenario, the company is using AWS (a public cloud) for some workloads while still running other workloads in its own data center, with connectivity between the two environments (e.g., via VPN or Direct Connect). This mix of on-premises and cloud resources defines a hybrid cloud. Public cloud means fully utilizing a cloud provider's infrastructure, private cloud means an internal cloud environment, and community cloud refers to a cloud shared by several organizations with common concerns.","Cloud Concepts"
16,"Moving an existing on-premises application to AWS without changing its architecture or design is an example of which cloud migration strategy?","Rehosting (\"lift-and-shift\")","Refactoring (re-architecting)","Replatforming (\"lift-tinker-and-shift\")",Retiring,"Rehosting (\"lift-and-shift\")","Rehosting, often called \"lift-and-shift,\" is a migration strategy where an application is moved to the cloud with little or no modification to its architecture. The application is essentially lifted from the on-premises environment and shifted to AWS (for example, moving it to Amazon EC2 instances) without redesigning how it works. This approach is quick and preserves the existing design of the application. Refactoring involves a complete overhaul to better use cloud-native features, replatforming makes some optimizations without a full refactor, and retiring means decommissioning an obsolete application.","Cloud Concepts"
17,"Which of the following is NOT an advantage of using cloud computing with AWS?","Large upfront capital investments in hardware are required","The ability to scale resources up or down based on demand","Global accessibility through deployment in multiple regions","Paying only for the compute and storage resources you use","Large upfront capital investments in hardware are required","Cloud computing with AWS eliminates the need for large upfront capital investments in hardware. Instead, AWS provides on-demand scalability and a pay-as-you-go pricing model, meaning you only pay for what you use. Additionally, AWS’s global infrastructure allows you to deploy applications in multiple regions for worldwide accessibility and lower latency. Requiring big upfront hardware purchases is a characteristic of traditional on-premises IT, not a benefit of using AWS Cloud.","Cloud Concepts"
18,"Which AWS service is an example of a Platform as a Service (PaaS), allowing developers to deploy applications without managing the underlying infrastructure?","AWS Elastic Beanstalk","Amazon EC2","AWS Identity and Access Management (IAM)","Amazon S3","AWS Elastic Beanstalk","AWS Elastic Beanstalk is a Platform as a Service (PaaS) offering. It enables developers to deploy applications—such as web apps—simply by uploading their code. Elastic Beanstalk automatically handles the provisioning and management of the underlying resources (like EC2 instances, load balancers, and auto scaling), so developers don't have to manage the infrastructure. Amazon EC2 is Infrastructure as a Service (IaaS) where you manage servers, IAM is a security and identity service, and Amazon S3 is an object storage service.","Cloud Concepts"
19,Which AWS offering is an example of Infrastructure as a Service (IaaS)?,"Amazon EC2, which provides virtual servers you can configure and manage","AWS Lambda, which runs code without provisioning servers","Amazon RDS, which is a managed database service","Amazon QuickSight, which is a business analytics service","Amazon EC2, which provides virtual servers you can configure and manage","Amazon EC2 (Elastic Compute Cloud) is a prime example of Infrastructure as a Service (IaaS). With EC2, AWS provides the basic infrastructure (virtual servers and networking), and the customer is responsible for configuring the operating system and any software on those servers. AWS Lambda is a serverless computing service (more of a Function as a Service), Amazon RDS is a managed database service (closer to PaaS for databases), and Amazon QuickSight is a fully managed analytics (SaaS-like) service.","Cloud Concepts"
20,"Which of the following is a fundamental characteristic of cloud computing?","On-demand self-service resource provisioning","Requiring long-term contracts and upfront commitments","Manual hardware setup for each new server","Limited network access to resources","On-demand self-service resource provisioning","Cloud computing is defined by several key characteristics. One fundamental characteristic is on-demand self-service, meaning users can provision computing resources (such as server time or storage) as needed automatically, without requiring human interaction each time. This allows for quick and easy scalability. In contrast, traditional IT often requires manual hardware setup and upfront contracts to add capacity. Cloud providers also offer broad network access to resources, rather than limiting access.","Cloud Concepts"
21,"A company decides to completely redesign its application to a cloud-native microservices architecture during migration, rather than just moving it as-is. Which migration strategy does this describe?",Refactoring (re-architecting),"Rehosting (lift-and-shift)","Replatforming (lift-and-optimize)",Retaining,Refactoring (re-architecting),"Refactoring (or re-architecting) means revising an application’s architecture and code to fully leverage cloud-native features. In this scenario, the company is not simply moving the application as-is (which would be rehosting), but is instead redesigning it into a microservices architecture to take advantage of cloud capabilities. Replatforming involves making minor optimizations without a full rewrite, and retaining means keeping some applications on-premises (not migrating them).","Cloud Concepts"
22,Which statement best defines cloud computing?,"On-demand delivery of IT resources and services via the internet with pay-as-you-go pricing","A networking technology that connects local computers in a cloud formation","Personal computing on a local network using virtualized hardware","The requirement to own and maintain a data center at the provider's location","On-demand delivery of IT resources and services via the internet with pay-as-you-go pricing","Cloud computing is the on-demand delivery of IT resources (such as servers, storage, databases, networking, software, etc.) over the Internet with pay-as-you-go pricing. This means you can access technology services as needed without owning hardware, and you only pay for what you use. It is not about local networks or requiring customers to maintain data centers; instead, the cloud provider (like AWS) manages the infrastructure.","Cloud Concepts"
23,How does scalability differ from elasticity in cloud computing?,"Scalability is the ability to handle growth by adding resources, while elasticity is the ability to automatically scale resources up or down based on demand","Scalability refers to automatic resource adjustment, while elasticity requires manual intervention","Elasticity is about increasing capacity permanently, whereas scalability is temporary","There is no difference; both terms mean exactly the same thing in the cloud context","Scalability is the ability to handle growth by adding resources, while elasticity is the ability to automatically scale resources up or down based on demand","Scalability is a broader term meaning a system can accommodate increased workload by adding resources (scale up or out) when needed. Elasticity is a specific cloud capability that allows a system to automatically increase or decrease resources dynamically to match current demand, often without human intervention. In essence, elasticity is automatic scalability in real-time. Both ensure a system can handle varying loads, but elasticity emphasizes the automatic and temporary adjustment of capacity.","Cloud Concepts"
24,"Which disaster recovery benefit is more easily achieved with AWS Cloud compared to a traditional on-premises setup?","Quickly provisioning backup servers in distant geographic locations for redundancy","Eliminating the need to back up data altogether due to cloud reliability","Relying on a single data center for simpler recovery procedures","Using physical tape backups as the primary recovery method","Quickly provisioning backup servers in distant geographic locations for redundancy","AWS makes it easier to implement robust disaster recovery strategies by allowing you to quickly provision and use infrastructure in multiple geographically separated locations (Regions). For example, you can maintain backup servers or data replicas in a different Region, which can dramatically reduce recovery time in the event of a disaster. In a traditional on-premises setup, achieving the same level of geographic redundancy is expensive and slow. You still need to back up data in the cloud, and AWS encourages redundancy rather than relying on a single data center or outdated tape backups.","Cloud Concepts"
25,"In the context of AWS Cloud, what does 'multitenancy' mean?","Multiple customers share the same underlying infrastructure, but their resources are isolated from each other","Each customer is provided dedicated physical hardware that no one else uses","An AWS account can have at most ten users (tenants) accessing it at one time","Cloud services are rented to only one tenant organization per data center","Multiple customers share the same underlying infrastructure, but their resources are isolated from each other","Multitenancy is an architecture where multiple customers (tenants) share the same physical resources (such as servers or storage) provided by the cloud provider, while their data and usage are securely isolated from each other. AWS, like most public cloud providers, uses multitenant infrastructure to efficiently serve many customers at scale. This is in contrast to a single-tenant (dedicated) model where hardware is reserved for one customer. Despite sharing hardware, strong isolation ensures each customer's resources remain private and secure.","Cloud Concepts"
26,"Which statement best describes the AWS shared responsibility model?","AWS manages the security 'of' the cloud (infrastructure), while the customer is responsible for security 'in' the cloud (their data and configurations)","AWS is fully responsible for all aspects of security and compliance for applications running on AWS","Customers are solely responsible for all cloud infrastructure security and AWS only manages the network","Security responsibilities do not vary with the type of AWS service used","AWS manages the security 'of' the cloud (infrastructure), while the customer is responsible for security 'in' the cloud (their data and configurations)","In the AWS shared responsibility model, AWS is responsible for protecting the infrastructure that runs all of the services offered in the AWS Cloud (this includes the hardware, software, networking, and facilities that run AWS services). The customer is responsible for security in the cloud, which includes configuring their services securely, managing user access, and protecting their data and applications. The division of responsibilities can vary depending on the service; for example, AWS handles more aspects for fully managed services, whereas customers have more to manage for services like EC2.","Security and Compliance"
27,"Under the shared responsibility model, which of the following is AWS responsible for?","Physical security of the facilities where the AWS servers are located","Configuring network security groups for customer applications","Managing customer data encryption keys by default","User account password policies in the customer's AWS account","Physical security of the facilities where the AWS servers are located","AWS is responsible for the security 'of' the cloud, which includes the physical security of data centers. This means AWS controls access to its facilities, ensures the hardware is protected, and maintains the infrastructure. Customers, on the other hand, are responsible for things like configuring security groups, managing their data encryption (unless using AWS services to do so), and setting up their account policies.","Security and Compliance"
28,"Which of the following is a security responsibility of the customer when using AWS?","Encrypting sensitive data stored on Amazon S3","Securing the physical access to AWS data centers","Maintaining the virtualization infrastructure of AWS EC2 hosts","Ensuring AWS networking equipment is up-to-date with patches","Encrypting sensitive data stored on Amazon S3","Customers are responsible for protecting their data in the cloud. For example, if you store sensitive information in Amazon S3, it is your responsibility to enable encryption (server-side or client-side) and manage access to that data via permissions. AWS handles the physical security of data centers and the underlying infrastructure. AWS also maintains and patches the underlying infrastructure up to the hypervisor, but customers must patch and secure their own operating systems and applications on services like EC2.","Security and Compliance"
29,"When using Amazon RDS (a managed database service), which task remains the customer's responsibility under the shared responsibility model?","Managing the database schemas and data optimization","Installing database software on the underlying server","Patching the database engine and underlying OS","Performing backups of the database (since RDS does not support automated backups)","Managing the database schemas and data optimization","With Amazon RDS, AWS automates many administrative tasks such as software installation, patching of the database engine and OS, automated backups, and so on. However, the customer is still responsible for the contents and usage of the database – for example, defining the schema, optimizing queries, managing database users/permissions, and ensuring the data itself is appropriately secured (like using encryption, if needed). In other words, AWS handles the 'undifferentiated heavy lifting' of database maintenance, but the customer manages their data and how the database is used.","Security and Compliance"
30,"What is the primary purpose of AWS Identity and Access Management (IAM)?","To control access to AWS services and resources securely","To monitor network traffic in AWS environments","To manage encryption keys for data at rest","To automatically scale AWS resources based on demand","To control access to AWS services and resources securely","AWS Identity and Access Management (IAM) is a service that helps you securely control access to AWS resources. With IAM, you can create and manage AWS users and groups, and use permissions (in the form of policies) to allow or deny their access to resources. It enables you to implement the principle of least privilege by granting only the necessary permissions to users and roles. It is not used for network monitoring (that's Amazon VPC Flow Logs or similar services), key management (that's AWS KMS), or auto scaling (that's handled by AWS Auto Scaling).","Security and Compliance"
31,"An application running on an Amazon EC2 instance needs to read and write files to an S3 bucket. What is the recommended way to grant the EC2 instance access to the S3 bucket without embedding long-term credentials?","Attach an IAM role to the EC2 instance with permissions to access the bucket","Store the S3 user's access key and secret key in the application code","Enable S3 public access for the required bucket","Use the root user credentials in the application to access S3","Attach an IAM role to the EC2 instance with permissions to access the bucket","The best practice is to use an IAM role attached to the EC2 instance. This role can have a policy that grants the needed S3 access. When attached, AWS automatically provides temporary credentials to the instance via the instance metadata, so the application can call AWS APIs (like S3) without hardcoding any keys. Embedding access keys in code or using root credentials is highly discouraged due to security risks. Making the bucket public would also be a security risk and give unnecessary access to others.","Security and Compliance"
32,"Which of the following is a recommended best practice for securing your AWS root user account?","Enable multi-factor authentication (MFA) on the root account and use it only for a few essential tasks","Share the root account credentials only with your IT team for administrative tasks","Use the root account for everyday management of AWS resources","Disable the root account after creating an IAM administrator","Enable multi-factor authentication (MFA) on the root account and use it only for a few essential tasks","It is strongly recommended to secure the AWS root user by enabling multi-factor authentication (MFA) and to use the root account only when absolutely necessary (such as for initial setup or a few account-specific tasks). You should create separate IAM users or roles with administrative privileges for daily management. You should never share root credentials, and you cannot disable the root account (but you can avoid using it regularly). These practices ensure the highest level of protection for the root account, which has unrestricted access.","Security and Compliance"
33,"Which AWS service should you use to create and manage encryption keys for your applications?","AWS Key Management Service (AWS KMS)","Amazon Macie","AWS Certificate Manager","AWS CloudHSM Classic","AWS Key Management Service (AWS KMS)","AWS Key Management Service (KMS) is designed to create, manage, and control encryption keys (Customer Master Keys) used to encrypt your data across many AWS services and in your own applications. KMS integrates with services like EBS, S3, RDS, and more for encryption at rest, and allows you to define who can use keys and how. Amazon Macie is a data discovery and classification service (for finding sensitive data), AWS Certificate Manager is for managing SSL/TLS certificates, and AWS CloudHSM (the current version, not 'Classic') provides hardware security modules for keys that require single-tenant hardware.","Security and Compliance"
34,"Which service records AWS API calls and account activity for auditing purposes?",AWS CloudTrail,Amazon CloudFront,Amazon CloudWatch,AWS Audit Manager,AWS CloudTrail,"AWS CloudTrail is a service that logs all AWS API calls and account activity, including actions taken through the AWS Management Console, AWS SDKs, command-line tools, and other AWS services. CloudTrail records details such as the identity of the caller, time of the call, request parameters, and response elements. It is essential for auditing and compliance, as it provides a history of activity in your AWS account. CloudWatch monitors performance metrics and logs from resources, CloudFront is a content delivery network, and AWS Audit Manager is a service to help audit compliance controls but not for capturing API calls in real time.","Security and Compliance"
35,"Which AWS service continuously monitors and records configuration changes of your resources and can evaluate them for compliance?",AWS Config,Amazon GuardDuty,AWS CloudTrail,AWS Shield,AWS Config,"AWS Config is a service that tracks the configuration changes of your AWS resources over time. It maintains a history of resource configurations and can continuously evaluate these against desired configurations or compliance rules. This is useful for auditing and compliance, as you can detect when a resource drifts from a specified baseline or when a configuration change violates a security policy. GuardDuty is for threat detection, CloudTrail logs API calls, and AWS Shield protects against DDoS attacks.","Security and Compliance"
36,"What is Amazon GuardDuty used for?","Intelligent threat detection and continuous monitoring of malicious or unauthorized behavior in AWS accounts and workloads","Managing user identities and controlling access to AWS resources","Scanning application code for vulnerabilities before deployment","Optimizing AWS resource usage for cost savings","Intelligent threat detection and continuous monitoring of malicious or unauthorized behavior in AWS accounts and workloads","Amazon GuardDuty is a threat detection service that continuously monitors for malicious or unauthorized behavior in your AWS environment. It analyzes data like VPC flow logs, CloudTrail events, and DNS logs to identify potential threats such as anomalous API calls, suspicious network traffic, or compromised instances. It is a managed service that can alert you to findings (like crypto mining activity or unusual data access patterns) so you can take action. It does not manage identities (that's IAM), scan code (that would be more like code analysis tools or AWS CodeGuru for code quality), or handle cost optimization (that's Cost Explorer or Trusted Advisor).","Security and Compliance"
37,"Which AWS service helps protect applications by mitigating DDoS (Distributed Denial of Service) attacks?",AWS Shield,AWS Secrets Manager,Amazon Detective,AWS CloudTrail,AWS Shield,"AWS Shield is a managed Distributed Denial of Service (DDoS) protection service. All AWS customers benefit from AWS Shield Standard, which automatically protects against common, most frequent DDoS attacks at no additional charge. For more advanced protection (including visibility and specialized support against complex attacks), AWS offers Shield Advanced (a paid service). AWS Secrets Manager is for managing secrets, Amazon Detective is for investigating security findings, and CloudTrail is for auditing API calls.","Security and Compliance"
38,"Which service can you use to block common web exploits like SQL injection or cross-site scripting (XSS) at the application layer?",AWS WAF (Web Application Firewall),Amazon VPC Security Group,AWS Artifact,AWS Trusted Advisor,AWS WAF (Web Application Firewall),"AWS WAF is a web application firewall that helps protect your web applications from common web exploits such as SQL injection or cross-site scripting. You can define custom rules or use managed rule sets to allow, block, or count web requests based on conditions that include IP addresses, HTTP headers, HTTP body, URI strings, and more. Security Groups operate at the instance level (not application layer) controlling traffic by ports/IPs, AWS Artifact provides compliance documents, and Trusted Advisor gives recommendations on various aspects including security but does not block traffic.","Security and Compliance"
39,"Which AWS service provides on-demand access to AWS security and compliance reports and certifications (such as ISO, SOC, and PCI reports)?",AWS Artifact,AWS CloudTrail,AWS Certificate Manager,Amazon Macie,AWS Artifact,"AWS Artifact is a portal that provides customers with self-service access to AWS compliance documentation and agreements. Through AWS Artifact, you can download security and compliance reports such as SOC reports, ISO certifications, and Payment Card Industry (PCI) reports. It is essentially a repository of AWS's audit artifacts that you might need for your own compliance needs. CloudTrail is for logging, Certificate Manager handles SSL/TLS certificates, and Macie helps discover and classify sensitive data.","Security and Compliance"
40,"What does the principle of 'least privilege' mean in the context of AWS security?","Giving users or services only the minimum permissions necessary to perform their required tasks","Allowing all users full administrative access by default and removing permissions as issues arise","Granting every IAM user the same set of broad permissions for convenience","Ensuring that at least two people have access to every sensitive resource","Giving users or services only the minimum permissions necessary to perform their required tasks","The principle of least privilege means you grant each user, system, or component the minimal set of permissions it needs to perform its tasks, and no more. In AWS, this translates to carefully crafting IAM policies so that identities (users, roles, etc.) have only the permissions absolutely required for their function. This reduces the risk of accidental or malicious actions impacting resources that should not be accessible. It contrasts with giving broad or admin permissions to everyone, which would violate this principle.","Security and Compliance"
41,"In an Amazon VPC, what is the function of a security group?","It acts as a virtual firewall that controls inbound and outbound traffic for AWS resources (like EC2 instances)","It encrypts data stored in Amazon S3 buckets by default","It distributes traffic across multiple instances for high availability","It connects an on-premises network to AWS","It acts as a virtual firewall that controls inbound and outbound traffic for AWS resources (like EC2 instances)","A security group in Amazon VPC functions as a virtual firewall for your instance to control inbound and outbound traffic. You can specify which traffic is allowed to reach your instance (inbound rules) and which traffic is allowed to leave your instance (outbound rules). By default, security groups deny all inbound traffic and allow all outbound traffic, and you can add rules to allow specific traffic. They do not encrypt data (that's KMS or S3 bucket policies), distribute traffic (that's load balancers), or connect networks (that's VPN or Direct Connect).","Security and Compliance"
42,"Which service is used to securely store and automatically rotate database credentials, API keys, and other secrets in AWS?",AWS Secrets Manager,Amazon GuardDuty,AWS Key Management Service (KMS),AWS Systems Manager Parameter Store,AWS Secrets Manager,"AWS Secrets Manager is designed to store and manage sensitive information such as database credentials, API keys, and other secrets. It enables you to automatically rotate secrets (for supported services like RDS), and it provides a secure way to retrieve secrets by applications (removing the need to hardcode sensitive info). KMS manages encryption keys (not arbitrary secrets like passwords), GuardDuty is for threat detection, and Systems Manager Parameter Store can also store configuration data and some secrets, but Secrets Manager offers additional capabilities like rotation.","Security and Compliance"
43,"What does Amazon Inspector do for improving security?","It automatically scans AWS resources (like EC2 instances) for vulnerabilities or unintended network exposure","It monitors AWS accounts for suspicious activity using machine learning","It provides DDoS protection at the network and application layers","It manages firewall rules for your VPC automatically","It automatically scans AWS resources (like EC2 instances) for vulnerabilities or unintended network exposure","Amazon Inspector is a security assessment service that helps improve the security and compliance of applications deployed on AWS. It can automatically scan Amazon EC2 instances and container images (e.g., in Amazon ECR) for known vulnerabilities, missing patches, or deviations from best practices. It also checks for unintended network accessibility of your instances (e.g., ports open to the world). It differs from GuardDuty (which monitors account activity) and Shield (which is for DDoS protection). It does not manage VPC firewall rules (security groups/NACLs) automatically.","Security and Compliance"
44,"Which AWS service aggregates security findings from multiple AWS services (like GuardDuty, Inspector, and Macie) to provide a centralized security dashboard and compliance checks?",AWS Security Hub,Amazon CloudWatch Dashboard,AWS Config Rules,AWS Trusted Advisor,AWS Security Hub,"AWS Security Hub is a service that gives you a comprehensive view of your security state in AWS and helps you check your environment against security industry standards and best practices. It aggregates, organizes, and prioritizes security findings from various services such as Amazon GuardDuty, Amazon Inspector, Amazon Macie, and others. It also provides compliance scorecards (for example, checking against CIS AWS Foundations Benchmark). CloudWatch dashboards are for performance metrics, Config Rules evaluate configurations, and Trusted Advisor offers high-level recommendations (including some security checks) but not a full security aggregation like Security Hub.","Security and Compliance"
45,"For which of the following AWS services does the customer need to manage operating system updates and patches as part of their security responsibilities?",Amazon EC2,Amazon S3,Amazon DynamoDB,AWS Lambda,Amazon EC2,"When using Amazon EC2 (Infrastructure as a Service), customers have full control over the operating system running on their instances. This means they are responsible for maintaining that OS, including installing updates and security patches. In contrast, Amazon S3, DynamoDB, and AWS Lambda are fully managed services where AWS manages the underlying infrastructure and operating systems, so customers are not tasked with OS patching for those services.","Security and Compliance"
46,"Which AWS service enables you to centrally manage single sign-on (SSO) access to multiple AWS accounts and business applications using your existing identity sources?","AWS IAM Identity Center (AWS Single Sign-On)",Amazon Cognito,AWS Directory Service,AWS Organizations,"AWS IAM Identity Center (AWS Single Sign-On)","AWS IAM Identity Center (formerly AWS Single Sign-On) allows you to centrally manage SSO access to multiple AWS accounts and third-party business applications. It integrates with your existing identity sources (like Microsoft Active Directory or external SAML identity providers) so that your users can sign in with their corporate credentials and gain access to assigned accounts and applications. Amazon Cognito is more for adding user sign-up/sign-in to your web or mobile apps, AWS Directory Service provides directory options like Microsoft AD in AWS, and AWS Organizations helps group accounts but does not handle SSO by itself.","Security and Compliance"
47,"Which AWS service should you use to provision, manage, and deploy SSL/TLS certificates for use with AWS services (such as Elastic Load Balancers or CloudFront)?","AWS Certificate Manager (ACM)","AWS Key Management Service (KMS)","Amazon GuardDuty","AWS Secrets Manager","AWS Certificate Manager (ACM)","AWS Certificate Manager (ACM) is used to provision, manage, and deploy SSL/TLS certificates on AWS resources. It can provide public certificates (for example, for your website's domain) that you can attach to load balancers, CloudFront distributions, API Gateway, etc., and it handles renewal of certificates. KMS is for encryption keys, GuardDuty is threat detection, and Secrets Manager is for storing secrets like passwords, none of which issue SSL/TLS certificates.","Security and Compliance"
48,"A financial company requires exclusive control over encryption keys using FIPS 140-2 Level 3 validated hardware. Which AWS service should they use?",AWS CloudHSM,"AWS Key Management Service (KMS) with AWS managed keys",AWS Secrets Manager,AWS Encryption SDK,AWS CloudHSM,"AWS CloudHSM provides dedicated Hardware Security Module (HSM) appliances within the AWS Cloud, allowing customers full control over their encryption keys. It supports FIPS 140-2 Level 3 compliance and the keys never leave the HSM. This is ideal for organizations with stringent regulatory requirements for key management. AWS KMS (with AWS managed keys) is a multitenant managed service; while secure and easier to use, AWS has access to the hardware. Secrets Manager is for storing secrets (not specifically providing FIPS Level 3 hardware for keys), and the AWS Encryption SDK is a client library for encryption/decryption, not a service.","Security and Compliance"
49,"Which of the following correctly distinguishes an Amazon VPC Security Group from a Network ACL (Access Control List)?","A Security Group acts at the instance level and is stateful, whereas a Network ACL acts at the subnet level and is stateless","A Security Group is applied at the subnet level and is stateless, while a Network ACL is applied at the instance level and is stateful","Security Groups support allow and deny rules, while Network ACLs support only allow rules","Network ACLs remember previous decisions for traffic (stateful), whereas Security Groups do not (stateless)","A Security Group acts at the instance level and is stateful, whereas a Network ACL acts at the subnet level and is stateless","In Amazon VPC, Security Groups function at the instance (or ENI) level and are stateful firewalls. 'Stateful' means if you allow inbound traffic on a port, the response outbound traffic is automatically allowed, and vice versa. Network ACLs operate at the subnet level and are stateless. They evaluate traffic ingress or egress for the subnet based on rules and do not automatically allow return traffic; you must set rules for both inbound and outbound. Additionally, Security Groups by default allow all outbound and you only create allow rules (no explicit deny in Security Groups, anything not allowed is denied). Network ACLs support both allow and deny rules.","Security and Compliance"
50,"What is multi-factor authentication (MFA) in the context of AWS account security?","An additional layer of security where users must provide a one-time code (from a device or app) along with their password to log in","A service that automatically rotates user passwords on a scheduled basis","The ability to use multiple AWS accounts with one set of credentials","Granting multiple users access to the AWS Management Console simultaneously","An additional layer of security where users must provide a one-time code (from a device or app) along with their password to log in","Multi-factor authentication (MFA) adds an extra layer of protection to your AWS account by requiring a second form of authentication in addition to the password. This second factor is typically something like a time-based one-time password (TOTP) provided by an MFA device or authenticator app. Even if a user's password is compromised, an attacker cannot log in without also having access to the MFA code. MFA doesn't rotate passwords or let one credential access multiple accounts (that's more like cross-account roles or federation), it's purely about adding a second authentication factor for security.","Security and Compliance"
51,What is Amazon EC2 used for?,"Running virtual servers in the AWS Cloud","Storing objects like files and images at scale","Distributing content to users globally with low latency","Managing user access to AWS resources","Running virtual servers in the AWS Cloud","Amazon EC2 (Elastic Compute Cloud) provides resizable compute capacity in the cloud, essentially allowing you to launch virtual servers on AWS. You can choose the operating system, instance type, and other configurations and run applications on these virtual machines. It is one of the fundamental AWS services for compute. Other options listed refer to different services: object storage is Amazon S3, content distribution is Amazon CloudFront, and managing user access is IAM.","Cloud Technology and Services"
52,Which AWS service lets you run code without provisioning or managing servers?,AWS Lambda,Amazon EC2,Amazon EMR,AWS Outposts,AWS Lambda,"AWS Lambda is a serverless compute service that allows you to run your code without provisioning or managing any servers. You simply upload your code (or write it in the console), set the event trigger, and Lambda executes the code only when needed and scales automatically. You pay only for the compute time you consume. In contrast, Amazon EC2 requires you to manage the server environment, Amazon EMR is for big data processing, and AWS Outposts is about running AWS services on-premises.","Cloud Technology and Services"
53,"Which AWS service offers a fully managed Kubernetes environment for running containerized applications?",Amazon EKS (Elastic Kubernetes Service),Amazon S3,AWS Elastic Beanstalk,Amazon EC2 Auto Scaling,Amazon EKS (Elastic Kubernetes Service),"Amazon Elastic Kubernetes Service (EKS) is AWS's managed service for running Kubernetes on the AWS cloud. It handles the control plane management (like provisioning Kubernetes masters, etc.) so you can focus on deploying and managing containerized applications. EKS allows you to use Kubernetes without needing to maintain your own Kubernetes control plane. S3 is storage, Elastic Beanstalk is a PaaS for applications (which can also run Docker but not specifically Kubernetes), and EC2 Auto Scaling is for scaling EC2 instances.","Cloud Technology and Services"
54,"Which AWS service allows you to run containers without having to manage the underlying EC2 servers?",AWS Fargate,Amazon EC2,Amazon Lightsail,AWS OpsWorks,AWS Fargate,"AWS Fargate is a serverless compute engine for containers. It works with Amazon ECS (and Amazon EKS) to run containers without requiring you to provision or manage the compute instances. You just define your container specs and Fargate handles launching and scaling the containers as needed. This removes the need to manage EC2 instances for container workloads. Amazon Lightsail is a simplified service for virtual private servers, EC2 requires managing instances, and OpsWorks is for configuration management (using Chef/Puppet).","Cloud Technology and Services"
55,"Which AWS service automatically distributes incoming application traffic across multiple targets, such as EC2 instances?",Amazon Elastic Load Balancing (ELB),Amazon Route 53,AWS Auto Scaling,AWS CloudFormation,Amazon Elastic Load Balancing (ELB),"Amazon Elastic Load Balancing (ELB) is a service that automatically distributes incoming traffic across multiple targets (such as EC2 instances, containers, or IP addresses) in one or more Availability Zones. It helps achieve fault tolerance and improves availability by ensuring that if one instance is busy or down, traffic is sent to others that are healthy. Route 53 is DNS (it can do some routing but at the DNS level), Auto Scaling changes the number of instances based on load (complementary to ELB), and CloudFormation is for infrastructure as code.","Cloud Technology and Services"
56,What is the purpose of Amazon EC2 Auto Scaling?,"Automatically adjust the number of EC2 instances in response to changing demand","Improve performance of individual EC2 instances by increasing their CPU speed","Distribute traffic across multiple AWS Regions","Migrate databases to AWS with minimal downtime","Automatically adjust the number of EC2 instances in response to changing demand","Amazon EC2 Auto Scaling helps maintain application availability by automatically adding or removing EC2 instances according to conditions you define. For example, you can set policies to launch new instances when CPU utilization is high or terminate instances when demand drops. This ensures you have the right capacity to handle the load and can save costs by not running unneeded instances. It does not change the hardware specs of instances (only quantity), nor does it distribute traffic (that's load balancer) or migrate databases (that's AWS DMS).","Cloud Technology and Services"
57,"Which AWS service is a scalable object storage used for storing and retrieving any amount of data from anywhere?",Amazon S3,Amazon EBS,Amazon EFS,Amazon RDS,Amazon S3,"Amazon S3 (Simple Storage Service) is an object storage service that offers industry-leading scalability, data availability, security, and performance. It can store and retrieve any amount of data, at any time, from anywhere on the web. Typical use cases include backup and restore, archival, content storage and distribution, data lakes, etc. EBS is block storage for EC2, EFS is a file storage service for use with EC2, and RDS is a relational database service.","Cloud Technology and Services"
58,"Which storage service provides block-level storage volumes for use with Amazon EC2 instances?",Amazon EBS (Elastic Block Store),Amazon S3,Amazon EFS,AWS Snowball,Amazon EBS (Elastic Block Store),"Amazon EBS provides persistent block storage volumes for use with EC2 instances. Each EBS volume is automatically replicated within its Availability Zone to protect from component failure, offering high availability and durability. It is like a virtual hard drive that you can attach to an EC2 instance for data that requires frequent updates. S3 is object storage (not block), EFS is a network file system, and Snowball is a physical device for data transfer.","Cloud Technology and Services"
59,"Which AWS storage service provides a scalable, fully managed elastic file system that can be mounted concurrently by multiple EC2 instances?",Amazon EFS (Elastic File System),Amazon S3,Amazon EBS,AWS Backup,Amazon EFS (Elastic File System),"Amazon EFS is a fully managed file storage service that can be used with AWS Cloud services and on-premises resources. It provides a file system interface and file system semantics, allowing concurrent access from multiple EC2 instances (even across Availability Zones). It's scalable (grows and shrinks automatically as you add or remove files) and is ideal for use cases where a shared file system is needed. S3 is object storage, EBS is block storage attached to one instance at a time, and AWS Backup is a centralized backup service.","Cloud Technology and Services"
60,"Which storage option is most appropriate for long-term data archival, where data is infrequently accessed and can tolerate retrieval delays?",Amazon S3 Glacier storage class,Amazon EFS Standard storage class,Amazon RDS Magnetic storage,Amazon DynamoDB Cold storage mode,Amazon S3 Glacier storage class,"Amazon S3 Glacier is an Amazon S3 storage class (and also the name of a service) designed for long-term archival of data that is infrequently accessed and for which retrieval times of minutes or hours are acceptable. It offers very low-cost storage for archives, backups, and other cold data. EFS doesn't have a 'standard' vs 'archival' mode (it has Standard and Infrequent Access tiers, but it's still not for true offline archive), RDS magnetic storage is not about archival, and DynamoDB doesn't have a 'cold storage mode.'","Cloud Technology and Services"
61,"Which AWS service provides managed relational database engines (such as MySQL, PostgreSQL, Oracle, or SQL Server)?",Amazon RDS (Relational Database Service),Amazon DynamoDB,Amazon Redshift,AWS Glue,Amazon RDS (Relational Database Service),"Amazon Relational Database Service (RDS) is a managed service that makes it easy to set up, operate, and scale relational databases in AWS. It supports several familiar database engines, including Amazon Aurora, PostgreSQL, MySQL, MariaDB, Oracle Database, and SQL Server. AWS handles routine tasks like hardware provisioning, database setup, patching, and backups. DynamoDB is a NoSQL database, Redshift is a data warehousing solution, and AWS Glue is an ETL (extract, transform, load) service.","Cloud Technology and Services"
62,"Which AWS database service is a fully managed NoSQL database that provides single-digit millisecond performance at any scale?",Amazon DynamoDB,Amazon Aurora,Amazon Redshift,Amazon S3,Amazon DynamoDB,"Amazon DynamoDB is a key-value and document database (NoSQL) that delivers single-digit millisecond performance at any scale. It's a fully managed, serverless database that scales automatically and backs up your data for you. It's great for applications that need consistent, low-latency responses at scale, such as gaming, IoT, or real-time analytics. Aurora is a relational database (MySQL/PostgreSQL-compatible), Redshift is a data warehouse, and S3 is object storage.","Cloud Technology and Services"
63,"Which AWS service is a petabyte-scale data warehouse solution used for big data analytics?",Amazon Redshift,Amazon ElastiCache,Amazon RDS MySQL,AWS Data Pipeline,Amazon Redshift,"Amazon Redshift is a fast, fully managed data warehousing service that makes it simple and cost-effective to analyze large volumes of data using standard SQL and existing Business Intelligence tools. Redshift is designed for analytic workloads, capable of scaling to petabytes of data. ElastiCache is for in-memory caching, RDS MySQL is a transactional database, and AWS Data Pipeline is for data movement/processing, so they are not meant for data warehousing/analytics at large scale like Redshift is.","Cloud Technology and Services"
64,"Which service helps migrate databases to AWS easily and securely, for example moving an on-premises database into Amazon RDS with minimal downtime?",AWS Database Migration Service (DMS),AWS DataSync,AWS Transfer Family,Amazon QuickSight,AWS Database Migration Service (DMS),"AWS Database Migration Service (DMS) is designed to migrate databases to AWS with minimal downtime. It supports homogeneous migrations (e.g., Oracle to Oracle) as well as heterogeneous migrations (e.g., Oracle to Aurora PostgreSQL). DMS keeps the source and target in sync during the migration, allowing the source database to remain operational. AWS DataSync is for data transfer (files) to AWS storage, AWS Transfer Family is for SFTP/FTP transfers, and Amazon QuickSight is a visualization service.","Cloud Technology and Services"
65,"What is Amazon VPC (Virtual Private Cloud) primarily used for?","Launching AWS resources in a logically isolated network that you define","Delivering content to users around the world with low latency","Managing user identities and permissions within AWS accounts","Running code without provisioning servers","Launching AWS resources in a logically isolated network that you define","Amazon VPC (Virtual Private Cloud) allows you to create a logically isolated section of the AWS Cloud where you can launch AWS resources in a virtual network that you define. You have control over your virtual networking environment, including selection of IP address ranges, subnets, route tables, and network gateways. This means you can have a private, secure environment for your resources, similar to having your own data center network in the cloud. Content delivery with low latency refers to CloudFront, managing identities is IAM, and running code without servers is Lambda.","Cloud Technology and Services"
66,"Which AWS service is a scalable Domain Name System (DNS) web service that can route users to infrastructure endpoints?",Amazon Route 53,AWS CloudTrail,Amazon VPC,AWS X-Ray,Amazon Route 53,"Amazon Route 53 is AWS's highly available and scalable Domain Name System (DNS) service. It is used to route end users to Internet applications by translating human-readable domain names (like www.example.com) into IP addresses. Route 53 also offers advanced routing policies and health checks, and it can be used to route traffic globally based on latency, geolocation, etc., or manage DNS failover. CloudTrail is for logging, VPC is networking, and X-Ray is for tracing application requests.","Cloud Technology and Services"
67,"What is the primary purpose of Amazon CloudFront?","To deliver content (such as web files and videos) to users with low latency via a global network of edge locations","To run containerized applications at scale","To monitor application performance metrics","To connect on-premises networks to the AWS cloud","To deliver content (such as web files and videos) to users with low latency via a global network of edge locations","Amazon CloudFront is a content delivery network (CDN) that caches and serves web content (like HTML, CSS, images, videos, or API responses) from edge locations around the world. This helps ensure that end users get content from a server that is geographically close to them, thereby reducing latency and improving download speeds. CloudFront integrates with services like S3, EC2, or even non-AWS origin servers. It is not for running containers (that's ECS/EKS), not primarily for monitoring (that's CloudWatch), and not specifically for network connectivity (that's VPN/Direct Connect).","Cloud Technology and Services"
68,"Which AWS service provides a dedicated network connection from your on-premises data center to AWS, offering more consistent network performance than the public internet?",AWS Direct Connect,AWS VPN (Virtual Private Network),Amazon CloudFront,AWS Global Accelerator,AWS Direct Connect,"AWS Direct Connect allows you to establish a dedicated, private network connection between your on-premises network and AWS. This can provide higher bandwidth and more stable, lower-latency connectivity compared to typical internet-based connections. It is often used in hybrid cloud setups to create a consistent network experience. AWS VPN is an encrypted connection over the internet (not dedicated hardware), CloudFront is for content delivery, and Global Accelerator optimizes routing over the AWS global network for internet traffic, but Direct Connect is a private link.","Cloud Technology and Services"
69,"Which AWS service is a fully managed message queuing service that enables decoupling of application components?",Amazon SQS (Simple Queue Service),Amazon SNS (Simple Notification Service),AWS Step Functions,Amazon MQ,Amazon SQS (Simple Queue Service),"Amazon SQS is a fully managed message queuing service that enables you to decouple and scale microservices, distributed systems, and serverless applications. With SQS, one part of an application can send messages into a queue, and another part can retrieve and process those messages asynchronously. This way, if the processing part is slow or down, messages accumulate in the queue rather than being lost, and the producer isn't affected. SNS is a pub/sub notification service, Step Functions is for orchestrating workflows, and Amazon MQ is a managed message broker for those who want to run traditional message brokers in AWS.","Cloud Technology and Services"
70,"Which AWS service enables a pub/sub messaging model, allowing you to send notifications to multiple subscribers at once?",Amazon SNS (Simple Notification Service),Amazon SQS,Amazon EventBridge,AWS Chatbot,Amazon SNS (Simple Notification Service),"Amazon SNS is a fully managed pub/sub messaging service that allows messages to be published to a topic and then immediately delivered to all subscribers to that topic. Subscribers can be various endpoints: email, SMS, HTTP endpoints, AWS Lambda functions, SQS queues, etc. This makes it easy to fan-out messages to multiple recipients or decouple parts of a system via notifications. SQS is a queue (point-to-point, not fan-out by itself), EventBridge is an event bus for routing events (somewhat similar to advanced SNS capabilities), and AWS Chatbot integrates with SNS to send alerts to chat channels.","Cloud Technology and Services"
71,"Which service provides a serverless event bus that can be used to route events between AWS services or from SaaS applications to AWS, enabling event-driven architectures?",Amazon EventBridge,Amazon SNS,AWS Step Functions,Amazon MQ,Amazon EventBridge,"Amazon EventBridge is a serverless event bus service that makes it easier to build event-driven applications at scale using events generated from your applications, integrated Software-as-a-Service (SaaS) applications, and AWS services. EventBridge can route events to targets like Lambda, SQS, SNS, etc., based on rules that you define (for example, trigger a Lambda when a specific event pattern from an AWS service occurs). It builds upon and extends the older CloudWatch Events. SNS is simpler pub/sub, Step Functions is for workflows, and Amazon MQ is a managed message broker.","Cloud Technology and Services"
72,"Which AWS service is used to monitor AWS resources and applications, collecting metrics and logs, and can send alerts when thresholds are exceeded?",Amazon CloudWatch,AWS CloudTrail,AWS Config,AWS Cloud9,Amazon CloudWatch,"Amazon CloudWatch is the main monitoring service for AWS. It collects metrics from various AWS services (like CPU utilization of EC2 instances, latency of ELBs, etc.) and also allows you to collect and track custom metrics. It includes CloudWatch Alarms, which can trigger notifications or actions when metrics cross certain thresholds (for example, an alarm can trigger an auto scaling action or send an SNS notification if CPU is too high). CloudWatch Logs is a component for aggregating and storing logs from your applications or AWS services. CloudTrail is for auditing API calls, AWS Config tracks resource configs, and Cloud9 is an IDE service.","Cloud Technology and Services"
73,"Which AWS service provides a fully managed platform for developers and data scientists to build, train, and deploy machine learning models at scale?",Amazon SageMaker,Amazon Lex,AWS DeepLens,Amazon EMR,Amazon SageMaker,"Amazon SageMaker is a fully managed machine learning service that covers the entire ML workflow, including building (with hosted Jupyter notebooks for data exploration and preprocessing), training (with one-click distributed training and hyperparameter tuning), and deploying ML models (with auto-scaling hosted endpoints). It simplifies the process of developing ML models at scale. Amazon Lex is a service for building conversational chatbots (speech recognition and language understanding), AWS DeepLens is a physical device for learning ML (especially computer vision), and Amazon EMR is for big data processing with Hadoop/Spark etc.","Cloud Technology and Services"
74,"Which AWS service allows you to run AWS infrastructure and services in your own data center or on-premises facility for a consistent hybrid experience?",AWS Outposts,AWS Snowball Edge,Amazon EC2,AWS Local Zones,AWS Outposts,"AWS Outposts is a fully managed service that extends AWS infrastructure, services, APIs, and tools to customer on-premises data centers or co-location spaces. In essence, AWS delivers and installs an Outposts rack (with AWS hardware) in your facility, and you can use it to run AWS services (like EC2, EBS, RDS, etc.) locally while still being managed from the AWS console and with full integration. This provides a truly consistent hybrid cloud experience. Snowball Edge is more for portable computing and storage for temporary or edge use cases, not continuous hybrid cloud. Local Zones are AWS infrastructure in metro areas for low-latency, but Outposts is the specific service for on-premises AWS.","Cloud Technology and Services"
75,"Besides using the AWS Management Console, how else can you programmatically interact with and manage AWS services?","By using the AWS Command Line Interface (CLI) or AWS SDKs","By directly connecting to AWS servers via SSH for all services","By physically visiting AWS data centers to manage resources","AWS services cannot be accessed outside the AWS Console","By using the AWS Command Line Interface (CLI) or AWS SDKs","AWS provides multiple ways to interact with its services. In addition to the web-based Management Console, you can use the AWS Command Line Interface (CLI) to issue commands to AWS services from your terminal or scripts. There are also AWS Software Development Kits (SDKs) available for various programming languages (Python, Java, .NET, JavaScript, etc.), which allow you to programmatically call AWS services from your applications. These methods enable automation and integration of AWS operations into your workflows. You do not (and cannot) manage AWS resources by logging into AWS's own servers via SSH or by being on-site at data centers.","Cloud Technology and Services"
76,"A startup needs to launch a few servers for an unpredictable workload with no long-term commitment. Which EC2 pricing model is most appropriate?",On-Demand Instances,Reserved Instances,Spot Instances,Dedicated Hosts,On-Demand Instances,"On-Demand Instances are ideal for situations where you have unpredictable workloads or short-term requirements and do not want any long-term commitment. They allow you to pay for compute capacity by the hour or second (depending on instance type) with no upfront cost. This gives the most flexibility, albeit at a higher per-hour cost than some other options. Reserved Instances require a 1- or 3-year commitment for lower rates (good for steady predictable workloads), Spot Instances are for interruptible workloads and can be shut down if capacity is needed elsewhere, and Dedicated Hosts provide dedicated physical servers for compliance or licensing needs.","Billing, Pricing, and Support"
77,"A company knows it will need a certain number of EC2 instances running 24/7 for the next year. What pricing model can they use to get a lower hourly rate in exchange for a commitment?","Purchase Reserved Instances for 1 or 3 years","Use On-Demand Instances and request a volume discount","Use Spot Instances for 100% of the workload","Use Dedicated Hosts for those instances","Purchase Reserved Instances for 1 or 3 years","Reserved Instances allow you to commit to a certain instance use (instance type and region) for a 1-year or 3-year term, in exchange for a significantly discounted hourly rate (up to 75% off compared to On-Demand). This is ideal for known steady-state usage. They can be purchased as All Upfront, Partial Upfront, or No Upfront, with varying discount levels. On-Demand doesn't give a commitment discount (volume discounts apply to some services, but not the same as RI discounts), Spot is not suitable for guaranteed 24/7 needed capacity since they can be interrupted, and Dedicated Hosts are for dedicated hardware rather than cost savings.","Billing, Pricing, and Support"
78,"Which EC2 pricing option offers the deepest discounts (often up to 90%) but may have instances terminated if AWS needs the capacity back?",Spot Instances,On-Demand Instances,Dedicated Instances,Reserved Instances,Spot Instances,"Spot Instances allow you to bid on unused EC2 capacity. They offer very steep discounts (up to 90% off On-Demand prices) because AWS can reclaim the instances with a 2-minute warning if they need the capacity for other customers (i.e., if the market price exceeds your bid or the Spot capacity is reduced). Spot Instances are ideal for fault-tolerant, flexible workloads such as batch processing, big data jobs, or workloads that can be checkpointed and resumed. They are not suitable for critical workloads that must run continuously without interruption. On-Demand has no interruption but higher cost, Reserved gives discount for commitment, Dedicated ensures isolation but not cost savings.","Billing, Pricing, and Support"
79,"Which pricing model allows you to reduce costs by committing to a consistent amount of compute usage (measured in $/hour) for a 1- or 3-year term, regardless of instance family or region?",AWS Savings Plans,Reserved Instances,On-Demand Capacity Reservations,Spot Blocks,AWS Savings Plans,"AWS Savings Plans offer a flexible pricing model that provides lower rates on EC2, Fargate, and Lambda usage in exchange for a commitment to a consistent amount of compute usage (e.g., $10/hour) for a 1- or 3-year term. Unlike Reserved Instances, Savings Plans automatically apply to any compute usage that fits the plan (e.g., across instance families or Regions, depending on the type of plan), which provides flexibility. There are Compute Savings Plans (broadly applicable) and EC2 Instance Savings Plans (more similar to RIs in scope). On-Demand Capacity Reservations and Spot Blocks are different features not focused on cost reduction like Savings Plans.","Billing, Pricing, and Support"
80,"A company has a software license that is tied to physical hardware (e.g., per-socket licensing) and compliance requirements forbidding multi-tenant hardware. Which EC2 hosting option should they choose?",EC2 Dedicated Hosts,EC2 Spot Instances,"EC2 On-Demand Instances on shared hardware","EC2 Reserved Instances on shared hardware",EC2 Dedicated Hosts,"EC2 Dedicated Hosts provide a physical server fully dedicated to your use. You have control over which instances are placed on that server, allowing you to use your own software licenses that may be tied to physical metrics (like per-core or per-socket licensing). Dedicated Hosts also meet compliance requirements that require isolation from other customers at the hardware level. Dedicated Instances (not listed) also run on single-tenant hardware but you don't control placement or get visibility into the hardware like with Dedicated Hosts. On-Demand or Reserved on shared hardware would not meet those requirements, and Spot is unrelated to licensing needs.","Billing, Pricing, and Support"
81,"Which AWS Support plan includes a Technical Account Manager (TAM), support concierge, and 15-minute response time for critical (Severity 1) issues?",Enterprise Support,Business Support,Developer Support,Basic Support,Enterprise Support,"The Enterprise Support plan is the highest tier of AWS Support. It includes all features of lower plans and additional benefits such as a Technical Account Manager (TAM) who provides proactive guidance, a Support Concierge for billing and account assistance, and the fastest response times (15 minutes for critical issues). It is geared towards large or mission-critical use cases where dedicated support and guidance are needed. Business Support (the next tier down) has 24x7 access to engineers and 1-hour response for urgent issues but no TAM. Developer Support is more limited (mainly email support during business hours), and Basic has no technical support cases.","Billing, Pricing, and Support"
82,"A company running production workloads on AWS needs 24x7 technical support via phone and chat with 1-hour response times for urgent issues, but they do not need a Technical Account Manager. Which support plan is most appropriate?",Business Support,Enterprise Support,Developer Support,Basic Support,Business Support,"The Business Support plan is designed for production workloads. It provides 24x7 access to Cloud Support Engineers via phone, chat, and email. Response times under Business Support are up to 1 hour for urgent high-severity issues. It includes support for third-party software and full access to the AWS Trusted Advisor checks. It does not include a Technical Account Manager—that is only in Enterprise Support. Developer Support is limited to business hours email support for lower-severity issues, and Basic has no technical case support.","Billing, Pricing, and Support"
83,"What is one benefit of using AWS Organizations for a company with multiple AWS accounts?","Consolidated billing that combines usage across accounts onto a single bill, often benefiting from volume pricing discounts","Elimination of all AWS charges for child accounts","Automatic merging of all accounts into one large account","Physical isolation of each account's resources in separate AWS data centers","Consolidated billing that combines usage across accounts onto a single bill, often benefiting from volume pricing discounts","AWS Organizations allows you to manage and govern multiple AWS accounts centrally. One key benefit is consolidated billing: you get a single bill for all accounts in the organization, and usage from all accounts can be aggregated to potentially qualify for volume pricing discounts (for services where pricing decreases with higher usage). Organizations also let you apply Service Control Policies (SCPs) to impose guardrails and centrally manage account configurations. It doesn't merge accounts or isolate them in separate data centers (accounts are logically separate but can still share regions/infrastructure). And charges still apply to each account's usage—Organizations doesn't eliminate costs, it just centralizes and possibly reduces them via aggregated usage.","Billing, Pricing, and Support"
84,"Which AWS service lets you set custom spending thresholds and will alert you (via email or SNS) when your actual or forecasted costs exceed those thresholds?",AWS Budgets,AWS Cost Explorer,AWS Trusted Advisor,Amazon CloudWatch,AWS Budgets,"AWS Budgets allows you to set custom cost (or usage) budgets and receive alerts when your actual or forecasted spending exceeds (or is forecasted to exceed) the budgeted amount. For example, you could set a monthly budget of $500 and have AWS Budgets email you if your month-to-date spend surpasses 80% of that or is forecasted to exceed $500 by month's end. This helps you keep track of costs proactively. Cost Explorer is used for analyzing spend but doesn't send alerts, Trusted Advisor gives recommendations (including cost optimizations), and CloudWatch monitors performance metrics (though it could be used in custom ways to track billing metrics too, but AWS Budgets is purpose-built for cost alerts).","Billing, Pricing, and Support"
85,"Which tool is used to visualize and analyze AWS costs and usage over time, for example to see monthly spend by service?",AWS Cost Explorer,AWS Budgets,AWS Pricing Calculator,AWS Cost and Usage Report,AWS Cost Explorer,"AWS Cost Explorer is a user-friendly interface that lets you explore your historical AWS spending and usage. You can create reports and graphs to break down costs by service, account, region, tag, and other dimensions over custom time frames. It also provides forecasts based on historical trends. It's useful for identifying cost drivers and usage patterns. AWS Budgets is for setting alerts, the Pricing Calculator is for estimating costs beforehand, and the Cost and Usage Report is a detailed data export (not a visualization tool).","Billing, Pricing, and Support"
86,"Which AWS tool should you use to estimate the monthly cost of a proposed architecture by configuring the services you plan to use?",AWS Pricing Calculator,AWS Cost Explorer,AWS Budgets,AWS TCO Calculator,AWS Pricing Calculator,"The AWS Pricing Calculator allows you to model and estimate the costs of AWS architectures prior to actually using them. You can input the details of the services you plan to use (like instance types, quantities, usage hours, storage amounts, etc.), and it provides an estimate of monthly (or yearly) costs. This is useful for planning and comparing costs for different solutions. Cost Explorer and Budgets are for analyzing/monitoring costs after or during usage. The TCO (Total Cost of Ownership) Calculator (older tool) was used to compare on-premises vs AWS cost, but it’s largely supplanted by other tools and the Migration Evaluator service.","Billing, Pricing, and Support"
87,"What is the AWS Free Tier?","A program that offers new AWS customers free usage of certain services (up to specified limits) for the first 12 months, plus some services that are always free","A special support plan that provides AWS services at no cost for a trial period","A pricing model for EC2 instances that costs nothing unless you exceed a usage limit","The AWS billing mechanism for internal AWS testing (not available to customers)","A program that offers new AWS customers free usage of certain services (up to specified limits) for the first 12 months, plus some services that are always free","The AWS Free Tier is designed to enable new customers to try out AWS services without incurring costs. It has three types of offers: 1) a 12-month Free Tier for new accounts (e.g., 750 hours of a t2.micro EC2 instance per month for one year, certain amount of S3 storage, etc.), 2) an Always Free tier (certain free usage caps that don't expire, like 1 million Lambda invocations per month, 1 GB of DynamoDB storage, etc.), and 3) short-term trials for some services. It's not a support plan; it's a billing offer. After the limits or time period, normal charges apply.","Billing, Pricing, and Support"
88,"What is the AWS Marketplace?","An online catalog where customers can find, purchase, and immediately start using software and services from third-party vendors that run on AWS","The section of the AWS Management Console where you manage billing and cost management","A partner program for AWS consulting firms","A service that automates provisioning of AWS resources for e-commerce applications","An online catalog where customers can find, purchase, and immediately start using software and services from third-party vendors that run on AWS","The AWS Marketplace is an online store that lists software solutions from independent software vendors that run on AWS. Customers can use AWS Marketplace to find ready-to-use software (like AMIs, SaaS, or data products) and deploy them on AWS with a few clicks. The billing for these products is integrated into the AWS bill. Essentially, it simplifies finding and using third-party solutions (like security, databases, web applications, etc.) on AWS. It is not the billing dashboard itself (that's the Billing Console), not the partner network (that's APN), and not specific to provisioning resources for e-commerce (though you could find e-commerce solutions on the Marketplace).","Billing, Pricing, and Support"
89,"How can a company track AWS costs for different projects or departments using the same AWS account?","By using cost allocation tags to label resources and then analyzing costs by tag","By running each project in a separate AWS Region","By using only the AWS Free Tier for all projects","By purchasing all resources through the AWS Marketplace","By using cost allocation tags to label resources and then analyzing costs by tag","AWS allows you to assign metadata tags (key-value pairs) to most resources. By tagging resources with identifiers for projects, departments, environments, etc., you can use AWS Cost Explorer and Cost Allocation Reports to break down and allocate costs according to those tags. For example, tag resources with 'Project: Alpha' vs 'Project: Beta' and then see the cost for each project. It's a powerful way to attribute spending. Using separate regions or marketplace doesn't inherently separate costs by project - tagging is the recommended approach. Separate accounts could also be used, but within one account, tags are the way.","Billing, Pricing, and Support"
90,"Which AWS tool provides best practice checks and recommendations in areas like cost optimization, security, performance, and fault tolerance?",AWS Trusted Advisor,AWS Artifact,Amazon CloudWatch,AWS Organizations,AWS Trusted Advisor,"AWS Trusted Advisor is a service that inspects your AWS environment and provides recommendations to help you close security gaps, save money, improve system performance, and enhance fault tolerance. It includes checks such as underutilized EC2 instances (for cost savings), S3 buckets with public access (security), or service limits (to avoid hitting capacity). Some core checks are available to all customers, and full checks are available to Business and Enterprise Support customers. AWS Artifact is for compliance documents, CloudWatch is monitoring, and Organizations is for account management.","Billing, Pricing, and Support"
91,"Which of the following is NOT a factor in the pricing for Amazon S3?","The number of S3 buckets you create","The amount of data stored in GB-months","Data egress (data transferred out of S3)","The number of HTTP PUT, GET, DELETE requests made to S3","The number of S3 buckets you create","Amazon S3 pricing is based on several factors: the total amount of data stored (typically charged per GB-month, with different rates for different storage classes), data transfer out of S3 (data egress to the internet or to other regions), and the number and type of requests (GET, PUT, etc.). However, you are not charged based on the number of buckets. You can create multiple buckets at no direct cost. The costs come from storage, data transfer, and requests in those buckets. Therefore, having, say, 10 buckets vs 1 bucket doesn't itself incur a fee, unless the data/requests in them differ.","Billing, Pricing, and Support"
92,"Which AWS Support plan is included for all customers by default at no additional cost and offers access to documentation, whitepapers, and the AWS community forums (but no direct technical support from AWS engineers)?",Basic Support,Developer Support,Business Support,Enterprise Support,Basic Support,"Basic Support is the free support level that's included for every AWS customer. It provides access to resources like AWS documentation, whitepapers, AWS Knowledge Center articles, and community forums for self-help. Basic Support also includes 24/7 access to customer service for account and billing questions, and access to the AWS Trusted Advisor's basic checks. However, it does not include technical support from AWS Support engineers. For technical support, customers would need to upgrade to Developer, Business, or Enterprise Support.","Billing, Pricing, and Support"
93,"Which of the following AWS services is provided at no additional cost (customers can use it without incurring usage fees)?",AWS Identity and Access Management (IAM),Amazon RDS,Amazon Kinesis,Amazon EC2,AWS Identity and Access Management (IAM),"AWS Identity and Access Management (IAM) is offered to AWS customers at no extra charge. You can create users, groups, roles, and policies to manage access to AWS resources without any direct cost. There may be indirect costs if you use other services heavily (e.g., many API calls that show up in CloudTrail logs), but IAM itself has no billing metric. In contrast, Amazon EC2, RDS, Kinesis, etc., have usage-based charges.","Billing, Pricing, and Support"
94,"Which AWS tool provides a personalized view of the health of the AWS services that you are using and alerts you to events like outages or maintenance that may affect your specific resources?",AWS Personal Health Dashboard,AWS Service Health Dashboard,Amazon CloudWatch Alarms,AWS Config Dashboard,AWS Personal Health Dashboard,"AWS Personal Health Dashboard provides alerts and remediation guidance when AWS is experiencing events that might affect you. It's personalized, meaning it only shows issues impacting the specific AWS resources and services you are using. For example, if a particular EC2 instance might be affected by scheduled maintenance, you'll see a warning or alert there. The AWS Service Health Dashboard (public dashboard) displays general service statuses across AWS (not account-specific). CloudWatch Alarms monitor your metrics, and AWS Config tracks config changes.","Billing, Pricing, and Support"
95,"Which statement is true regarding AWS data transfer costs?","Data transferred into AWS (ingress) is generally free, while data transferred out (egress) to the internet is charged","All data transfer between AWS services is free of charge","AWS charges for data transferred into AWS but not for data going out","Using AWS Direct Connect eliminates all data transfer fees","Data transferred into AWS (ingress) is generally free, while data transferred out (egress) to the internet is charged","Generally, AWS does not charge for inbound data transfer (data coming into AWS from the internet). However, data transfer out from AWS to the internet is charged and can be a significant part of your costs. Also, data transfer between services or across regions/AZs may incur charges depending on the scenario (for example, transferring data between Availability Zones or out from one AWS service to another might have costs). Using AWS Direct Connect can reduce internet bandwidth costs and provide a cheaper per GB rate for outbound data in some cases, but it does not make data transfer completely free. Always check the specific data transfer pricing for the services and regions you're using.","Billing, Pricing, and Support"
96,"Which AWS Support plan is targeted at developers and provides business hours access to support via email for one primary contact, with response times of < 24 hours for general guidance?",Developer Support,Basic Support,Business Support,Enterprise Support,Developer Support,"The Developer Support plan is the lowest tier of paid support, geared towards developers or trial environments. It includes business hours email access to AWS support (for one person, the primary contact), with a response time goal of < 24 hours for general guidance questions (and < 12 hours for system-impaired issues). It provides access to the 7 core Trusted Advisor checks. It does not include phone support or full 24x7 coverage—that comes with Business and Enterprise. Basic Support has no technical support cases at all.","Billing, Pricing, and Support"
97,"What is the AWS Partner Network (APN)?","A global community of partners (companies) that offer consulting services or software solutions for AWS customers","The system AWS uses to interconnect its data centers around the world","The internal AWS employee network for support escalation","A social network for AWS certified professionals","A global community of partners (companies) that offer consulting services or software solutions for AWS customers","The AWS Partner Network (APN) is AWS's program for technology and consulting partners. It includes companies that have earned designations due to their expertise with AWS. These partners can help customers with things like cloud migration, managed services, or provide specialized software that runs on AWS. APN partners are broadly categorized as Consulting Partners (help implement and manage AWS for customers) and Technology Partners (provide software tools or services that integrate with AWS). It's not about AWS's internal networks or a social platform; it's a business ecosystem.","Billing, Pricing, and Support"
98,"In AWS Organizations, what is the purpose of a Service Control Policy (SCP)?","To centrally restrict or allow certain AWS service actions for member accounts, overriding lower-level permissions","To automatically enforce encryption on all S3 buckets in an account","To control VPC network traffic between accounts in an organization","To define cost allocation rules for linked accounts","To centrally restrict or allow certain AWS service actions for member accounts, overriding lower-level permissions","Service Control Policies (SCPs) are a feature of AWS Organizations. They allow an organization’s master account to impose guardrails on member accounts by explicitly whitelisting or blacklisting certain AWS service actions. Even if a user in a member account has IAM permissions to perform an action, an SCP can block that action if it's not permitted by the SCP. SCPs do not grant permissions themselves; they set the maximum permission boundary for accounts in the Organization Unit (OU) or for individual accounts. This is used for governance (for example, ensuring no account can create certain resource types). They don't directly set encryption or network rules (those are done per service), and they are unrelated to cost allocation tagging.","Billing, Pricing, and Support"
99,"What can a company do if it has purchased a Reserved Instance (RI) that it no longer needs and wants to recoup some of its cost?","Sell the Reserved Instance on the AWS Reserved Instance Marketplace","Convert the Reserved Instance back into cash via AWS support","Transfer the Reserved Instance to another account privately","Nothing; once purchased, a Reserved Instance cannot be modified or sold","Sell the Reserved Instance on the AWS Reserved Instance Marketplace","AWS provides a Reserved Instance Marketplace where customers can list and sell their unused Standard Reserved Instances to other AWS customers. If a company finds that an RI no longer fits its needs (for example, they changed instance types or scaled down), they can try to sell the remaining term of that RI through the marketplace. There are some restrictions (like it's only for Standard RIs, and they must have at least one month remaining). You cannot directly 'convert to cash' via AWS support except by selling it on the marketplace; RIs also cannot simply be transferred between accounts unless under the same consolidated billing family, in which case all accounts in an Org can consume an RI's benefit by default.","Billing, Pricing, and Support"
100,"Which tool provides the most detailed breakdown of AWS usage and costs, often used for complex billing analysis, by delivering reports to an S3 bucket?",AWS Cost and Usage Report,AWS Cost Explorer API,AWS Budgets Reports,AWS Trusted Advisor export,AWS Cost and Usage Report,"The AWS Cost and Usage Report (CUR) is the most granular source of billing data. It can be configured to deliver daily or hourly reports to an S3 bucket, containing line items for each usage category in CSV or Parquet format. This report includes very detailed information on usage (down to hourly usage of each resource) and costs. Businesses often load this into analysis tools or AWS services like Athena or QuickSight for deep cost analysis. Cost Explorer API can give programmatic access to cost data, but still at a higher level of aggregation. Budgets reports send budget alerts, and Trusted Advisor export relates to checks, not comprehensive billing data.","Billing, Pricing, and Support"
